{
    "niceness": {
        "values": [
            1,
            1,
            1,
            0,
            1,
            1,
            1,
            0,
            1,
            1,
            1,
            1,
            1,
            1,
            1,
            1,
            1,
            1,
            1,
            1,
            1,
            1,
            1,
            1,
            1,
            1,
            1,
            1,
            1,
            1,
            1,
            1,
            1,
            1,
            1,
            1,
            1,
            1,
            1,
            1,
            1,
            1,
            1,
            1,
            1,
            1,
            1,
            1,
            1,
            1,
            1,
            1,
            1,
            1,
            1,
            1,
            1,
            1,
            0,
            1,
            1,
            1,
            1,
            1,
            1,
            1,
            1,
            1,
            1,
            0,
            1,
            1,
            1,
            1,
            1,
            1,
            1,
            1,
            1,
            1,
            1,
            1,
            1,
            1,
            0,
            1,
            1,
            1,
            0,
            1,
            0,
            1,
            1,
            1,
            1,
            1,
            0,
            1,
            1,
            1
        ],
        "mean": 0.92,
        "variance": 0.07360000000000007,
        "std_dev": 0.27129319932501084
    },
    "forgiveness": {
        "values": [
            1.0,
            1.0,
            0.9,
            1.0,
            1.0,
            1.0,
            0.9166666666666666,
            1.0,
            1.0,
            1.0,
            1.0,
            1.0,
            0.20930232558139536,
            1.0,
            1.0,
            1.0,
            1.0,
            0.023809523809523808,
            1.0,
            1.0,
            0.9090909090909091,
            0.011111111111111112,
            1.0,
            0.011235955056179775,
            1.0,
            1.0,
            1.0,
            1.0,
            1.0,
            0.029850746268656716,
            1.0,
            1.0,
            1.0,
            1.0,
            1.0,
            1.0,
            1.0,
            1.0,
            1.0,
            1.0,
            1.0,
            1.0,
            1.0,
            1.0,
            1.0,
            1.0,
            1.0,
            1.0,
            1.0,
            1.0,
            0.012195121951219513,
            0.8888888888888888,
            0.875,
            1.0,
            1.0,
            0.9090909090909091,
            0.0,
            0.9,
            1.0,
            1.0,
            1.0,
            1.0,
            1.0,
            0.9166666666666666,
            1.0,
            1.0,
            1.0,
            1.0,
            1.0,
            1.0,
            1.0,
            1.0,
            1.0,
            1.0,
            1.0,
            0.875,
            0.9333333333333333,
            0.012048192771084338,
            1.0,
            0.0,
            1.0,
            1.0,
            1.0,
            0.0,
            1.0,
            1.0,
            1.0,
            1.0,
            1.0,
            1.0,
            1.0,
            0.8888888888888888,
            0.9,
            0.8888888888888888,
            1.0,
            1.0,
            0.875,
            1.0,
            1.0,
            1.0
        ],
        "mean": 0.8888606812806432,
        "variance": 0.08340282533746807,
        "std_dev": 0.2887954731942107
    },
    "provocability": {
        "values": [
            0.1,
            0.0,
            0.0,
            0.0,
            0.0,
            0.1,
            0.0,
            0.0,
            0.0,
            0.0,
            0.0,
            0.0,
            0.2222222222222222,
            0.0,
            0.14285714285714285,
            0.0,
            0.0,
            1.0,
            0.0,
            0.0,
            0.0,
            1.0,
            0.0,
            1.0,
            0.0,
            0.1111111111111111,
            0.0,
            0.0,
            0.0,
            0.3333333333333333,
            0.1,
            0.2,
            0.1111111111111111,
            0.0,
            0.14285714285714285,
            0.0,
            0.1,
            0.25,
            0.0,
            0.0,
            0.0,
            0.125,
            0.0,
            0.0,
            0.0,
            0.0,
            0.0,
            0.0625,
            0.125,
            0.0,
            1.0,
            0.0,
            0.0,
            0.0,
            0.0,
            0.0,
            1.0,
            0.0,
            0.0,
            0.09090909090909091,
            0.0,
            0.0,
            0.0,
            0.0,
            0.25,
            0.0,
            0.0,
            0.0,
            0.0,
            0.0,
            0.07692307692307693,
            0.1,
            0.0,
            0.07692307692307693,
            0.0,
            0.0,
            0.0,
            1.0,
            0.125,
            1.0,
            0.0,
            0.1111111111111111,
            0.0,
            1.0,
            0.0,
            0.0,
            0.16666666666666666,
            0.0625,
            0.0,
            0.0,
            0.0,
            0.0,
            0.0,
            0.25,
            0.125,
            0.0,
            0.14285714285714285,
            0.0,
            0.0,
            0.0
        ],
        "mean": 0.11803882228882225,
        "variance": 0.07261128057374551,
        "std_dev": 0.2694648039610099
    },
    "cooperativeness": {
        "values": [
            0.98,
            1.0,
            0.99,
            0.99,
            0.97,
            0.97,
            0.99,
            0.97,
            0.99,
            0.99,
            0.99,
            1.0,
            0.58,
            0.99,
            0.99,
            1.0,
            0.97,
            0.03,
            1.0,
            1.0,
            0.99,
            0.03,
            0.99,
            0.02,
            0.99,
            0.98,
            1.0,
            0.99,
            0.97,
            0.06,
            0.99,
            0.99,
            0.99,
            0.99,
            0.98,
            0.99,
            0.98,
            0.98,
            0.99,
            1.0,
            1.0,
            0.99,
            0.99,
            1.0,
            1.0,
            1.0,
            1.0,
            0.98,
            0.99,
            1.0,
            0.02,
            1.0,
            1.0,
            0.99,
            0.99,
            1.0,
            0.01,
            1.0,
            0.99,
            0.97,
            0.98,
            0.99,
            1.0,
            1.0,
            0.98,
            1.0,
            0.99,
            0.98,
            0.99,
            0.98,
            0.99,
            0.98,
            0.99,
            0.99,
            1.0,
            0.99,
            0.97,
            0.03,
            0.98,
            0.01,
            1.0,
            0.98,
            0.97,
            0.03,
            0.97,
            0.99,
            0.98,
            0.99,
            0.99,
            0.99,
            0.99,
            0.99,
            0.99,
            0.98,
            0.99,
            0.99,
            0.95,
            1.0,
            1.0,
            0.99
        ],
        "mean": 0.8978999999999995,
        "variance": 0.07682858999999992,
        "std_dev": 0.27717970704941575
    },