,window_size,mean,ci_lb,ci_ub
0,100,0.11333333333333336,0.06209142887556434,0.16457523779110234
