,window_size,mean,ci_lb,ci_ub
0,10,0.176,0.14130400156202116,0.21069599843797882
