,window_size,mean,ci_lb,ci_ub
0,100,0.09000000000000001,0.03822944625882202,0.14177055374117803
