,window_size,mean,ci_lb,ci_ub
0,100,0.021000000000000005,0.006181633200343158,0.035818366799656845
