,window_size,mean,ci_lb,ci_ub
0,10,0.06000000000000001,0.03754039211037302,0.08245960788962697
