{
    "time_checker": {
        "checker": "time_checker",
        "question": "time_checker",
        "sample_mean": 0.7681571815718157,
        "sample_variance": 0.17797291772820578,
        "total": 7380.0,
        "positives": 5669.0,
        "squared_diffs_sum": 1313.2621599164304
    },
    "current_round": {
        "checker": "time_checker",
        "question": "Which is the current round of the game?",
        "sample_mean": 0.9333333333333333,
        "sample_variance": 0.05714855653726217,
        "total": 60.0,
        "positives": 56.0,
        "squared_diffs_sum": 3.371764835698468
    },
    "action_you_at_round": {
        "checker": "time_checker",
        "question": "Which action did you play in round {}?",
        "sample_mean": 0.9366120218579235,
        "sample_variance": 0.05921922532149431,
        "total": 1830.0,
        "positives": 1714.0,
        "squared_diffs_sum": 108.31196311301309
    },
    "action_opponent_at_round": {
        "checker": "time_checker",
        "question": "Which action did your opponent play in round {}?",
        "sample_mean": 0.8918032786885246,
        "sample_variance": 0.0963819970651691,
        "total": 1830.0,
        "positives": 1632.0,
        "squared_diffs_sum": 176.28267263219428
    },
    "points_you_at_round": {
        "checker": "time_checker",
        "question": "How many points did you collect in round {}?",
        "sample_mean": 0.7021857923497268,
        "sample_variance": 0.20854366345004877,
        "total": 1830.0,
        "positives": 1285.0,
        "squared_diffs_sum": 381.4263604501392
    },
    "points_opponent_at_round": {
        "checker": "time_checker",
        "question": "How many points did your opponent collect in round {}?",
        "sample_mean": 0.5366120218579234,
        "sample_variance": 0.24787129629021495,
        "total": 1830.0,
        "positives": 982.0,
        "squared_diffs_sum": 453.35660091480315
    },
    "rules_checker": {
        "checker": "rules_checker",
        "question": "rules_checker",
        "sample_mean": 0.7884057971014493,
        "sample_variance": 0.1662394253943445,
        "total": 1380.0,
        "positives": 1088.0,
        "squared_diffs_sum": 229.24416761880107
    },
    "max_payoff": {
        "checker": "rules_checker",
        "question": "What is the highest payoff you can get in a single round?",
        "sample_mean": 0.9833333333333333,
        "sample_variance": 0.016388888888888887,
        "total": 60.0,
        "positives": 59.0,
        "squared_diffs_sum": 0.9669444444444444
    },
    "min_payoff": {
        "checker": "rules_checker",
        "question": "What is the lowest payoff you can get in a single round?",
        "sample_mean": 1.0,
        "sample_variance": 0.0,
        "total": 60.0,
        "positives": 60.0,
        "squared_diffs_sum": 0.0
    },
    "allowed_actions": {
        "checker": "rules_checker",
        "question": "Which actions are you allowed to play?",
        "sample_mean": 1.0,
        "sample_variance": 0.0,
        "total": 60.0,
        "positives": 60.0,
        "squared_diffs_sum": 0.0
    },
    "payoff_you_given_combo": {
        "checker": "rules_checker",
        "question": "Which is your payoff in a single round if you play {} and your opponent plays {}?",
        "sample_mean": 1.0,
        "sample_variance": 0.0,
        "total": 240.0,
        "positives": 240.0,
        "squared_diffs_sum": 0.0
    },
    "payoff_opponent_given_combo": {
        "checker": "rules_checker",
        "question": "Which is your opponent's payoff in a single round if you play {} and your opponent plays {}?",
        "sample_mean": 0.5958333333333333,
        "sample_variance": 0.23663357833189902,
        "total": 240.0,
        "positives": 143.0,
        "squared_diffs_sum": 56.555425221323866
    },
    "exists_combo_for_payoff_you": {
        "checker": "rules_checker",
        "question": "Does exist a combination of actions that gives you a payoff of {} in a single round?",
        "sample_mean": 0.9,
        "sample_variance": 0.08830316876419832,
        "total": 360.0,
        "positives": 324.0,
        "squared_diffs_sum": 31.700837586347195
    },
    "which_combo_for_payoff_you": {
        "checker": "rules_checker",
        "question": "Which combination of actions gives a payoff of {} to you in a single round?",
        "sample_mean": 0.5611111111111111,
        "sample_variance": 0.2428694171305854,
        "total": 360.0,
        "positives": 202.0,
        "squared_diffs_sum": 87.19012074988017
    },
    "aggregates_checker": {
        "checker": "aggregates_checker",
        "question": "aggregates_checker",
        "sample_mean": 0.14166666666666666,
        "sample_variance": 0.11855050203218791,
        "total": 360.0,
        "positives": 51.0,
        "squared_diffs_sum": 42.55963022955546
    },
    "#actions_you": {
        "checker": "aggregates_checker",
        "question": "How many times did you choose {}?",
        "sample_mean": 0.16666666666666666,
        "sample_variance": 0.13139864029680787,
        "total": 120.0,
        "positives": 20.0,
        "squared_diffs_sum": 15.636438195320137
    },
    "#actions_opponent": {
        "checker": "aggregates_checker",
        "question": "How many times did your opponent choose {}?",
        "sample_mean": 0.23333333333333334,
        "sample_variance": 0.17311592778527277,
        "total": 120.0,
        "positives": 28.0,
        "squared_diffs_sum": 20.60079540644746
    },
    "total_payoff_you": {
        "checker": "aggregates_checker",
        "question": "What is your current total payoff?",
        "sample_mean": 0.016666666666666666,
        "sample_variance": 0.016004781591819797,
        "total": 60.0,
        "positives": 1.0,
        "squared_diffs_sum": 0.9442821139173679
    },
    "total_payoff_opponent": {
        "checker": "aggregates_checker",
        "question": "What is your opponent's current total payoff?",
        "sample_mean": 0.03333333333333333,
        "sample_variance": 0.026351952220553723,
        "total": 60.0,
        "positives": 2.0,
        "squared_diffs_sum": 1.5547651810126697
    }
}