{
    "time_checker": {
        "checker": "time_checker",
        "question": "time_checker",
        "sample_mean": 0.7645354645354645,
        "sample_variance": 0.17992795384432955,
        "total": 10010.0,
        "positives": 7653.0,
        "squared_diffs_sum": 1800.8988900278946
    },
    "current_round": {
        "checker": "time_checker",
        "question": "Which is the current round of the game?",
        "sample_mean": 0.9142857142857143,
        "sample_variance": 0.07386551225318307,
        "total": 70.0,
        "positives": 64.0,
        "squared_diffs_sum": 5.096720345469632
    },
    "action_you_at_round": {
        "checker": "time_checker",
        "question": "Which action did you play in round {}?",
        "sample_mean": 0.9283702213279678,
        "sample_variance": 0.06638011867395169,
        "total": 2485.0,
        "positives": 2307.0,
        "squared_diffs_sum": 164.888214786096
    },
    "action_opponent_at_round": {
        "checker": "time_checker",
        "question": "Which action did your opponent play in round {}?",
        "sample_mean": 0.8720321931589538,
        "sample_variance": 0.11149952145886335,
        "total": 2485.0,
        "positives": 2167.0,
        "squared_diffs_sum": 276.9648113038166
    },
    "points_you_at_round": {
        "checker": "time_checker",
        "question": "How many points did you collect in round {}?",
        "sample_mean": 0.7050301810865192,
        "sample_variance": 0.2075118852843963,
        "total": 2485.0,
        "positives": 1752.0,
        "squared_diffs_sum": 515.4595230464404
    },
    "points_opponent_at_round": {
        "checker": "time_checker",
        "question": "How many points did your opponent collect in round {}?",
        "sample_mean": 0.5484909456740442,
        "sample_variance": 0.24703762081634373,
        "total": 2485.0,
        "positives": 1363.0,
        "squared_diffs_sum": 613.6414501077978
    },
    "rules_checker": {
        "checker": "rules_checker",
        "question": "rules_checker",
        "sample_mean": 0.7745341614906832,
        "sample_variance": 0.17411525502058217,
        "total": 1610.0,
        "positives": 1247.0,
        "squared_diffs_sum": 280.1514453281167
    },
    "max_payoff": {
        "checker": "rules_checker",
        "question": "What is the highest payoff you can get in a single round?",
        "sample_mean": 0.8714285714285714,
        "sample_variance": 0.11190861076829119,
        "total": 70.0,
        "positives": 61.0,
        "squared_diffs_sum": 7.721694143012092
    },
    "min_payoff": {
        "checker": "rules_checker",
        "question": "What is the lowest payoff you can get in a single round?",
        "sample_mean": 1.0,
        "sample_variance": 0.0,
        "total": 70.0,
        "positives": 70.0,
        "squared_diffs_sum": 0.0
    },
    "allowed_actions": {
        "checker": "rules_checker",
        "question": "Which actions are you allowed to play?",
        "sample_mean": 1.0,
        "sample_variance": 0.0,
        "total": 70.0,
        "positives": 70.0,
        "squared_diffs_sum": 0.0
    },
    "payoff_you_given_combo": {
        "checker": "rules_checker",
        "question": "Which is your payoff in a single round if you play {} and your opponent plays {}?",
        "sample_mean": 1.0,
        "sample_variance": 0.0,
        "total": 280.0,
        "positives": 280.0,
        "squared_diffs_sum": 0.0
    },
    "payoff_opponent_given_combo": {
        "checker": "rules_checker",
        "question": "Which is your opponent's payoff in a single round if you play {} and your opponent plays {}?",
        "sample_mean": 0.5821428571428572,
        "sample_variance": 0.23953629920335825,
        "total": 280.0,
        "positives": 163.0,
        "squared_diffs_sum": 66.83062747773695
    },
    "exists_combo_for_payoff_you": {
        "checker": "rules_checker",
        "question": "Does exist a combination of actions that gives you a payoff of {} in a single round?",
        "sample_mean": 0.8904761904761904,
        "sample_variance": 0.09604002238000241,
        "total": 420.0,
        "positives": 374.0,
        "squared_diffs_sum": 40.24076937722101
    },
    "which_combo_for_payoff_you": {
        "checker": "rules_checker",
        "question": "Which combination of actions gives a payoff of {} to you in a single round?",
        "sample_mean": 0.5452380952380952,
        "sample_variance": 0.24495295736498401,
        "total": 420.0,
        "positives": 229.0,
        "squared_diffs_sum": 102.6352891359283
    },
    "aggregates_checker": {
        "checker": "aggregates_checker",
        "question": "aggregates_checker",
        "sample_mean": 0.12857142857142856,
        "sample_variance": 0.10938790399201485,
        "total": 420.0,
        "positives": 54.0,
        "squared_diffs_sum": 45.833531772654226
    },
    "#actions_you": {
        "checker": "aggregates_checker",
        "question": "How many times did you choose {}?",
        "sample_mean": 0.16428571428571428,
        "sample_variance": 0.13073477132236577,
        "total": 140.0,
        "positives": 23.0,
        "squared_diffs_sum": 18.17213321380884
    },
    "#actions_opponent": {
        "checker": "aggregates_checker",
        "question": "How many times did your opponent choose {}?",
        "sample_mean": 0.2,
        "sample_variance": 0.1548700324836734,
        "total": 140.0,
        "positives": 28.0,
        "squared_diffs_sum": 21.526934515230604
    },
    "total_payoff_you": {
        "checker": "aggregates_checker",
        "question": "What is your current total payoff?",
        "sample_mean": 0.014285714285714285,
        "sample_variance": 0.013719224694188677,
        "total": 70.0,
        "positives": 1.0,
        "squared_diffs_sum": 0.9466265038990187
    },
    "total_payoff_opponent": {
        "checker": "aggregates_checker",
        "question": "What is your opponent's current total payoff?",
        "sample_mean": 0.02857142857142857,
        "sample_variance": 0.02266873537593149,
        "total": 70.0,
        "positives": 2.0,
        "squared_diffs_sum": 1.5641427409392727
    }
}