{
    "aggregation_checker": {
        "checker": "aggregation_checker",
        "label": "aggregation_checker",
        "sample_mean": 0.09523809523809523,
        "sample_variance": 0.08360527119051303,
        "total": 420.0,
        "positives": 40.0,
        "squared_diffs_sum": 35.03060862882496
    },
    "How many times did you choose {}?": {
        "checker": "aggregation_checker",
        "label": "#actions",
        "sample_mean": 0.12857142857142856,
        "sample_variance": 0.10648124033528478,
        "total": 140.0,
        "positives": 18.0,
        "squared_diffs_sum": 14.800892406604584
    },
    "How many times did your opponent choose {}?": {
        "checker": "aggregation_checker",
        "label": "#opponent_actions",
        "sample_mean": 0.12142857142857143,
        "sample_variance": 0.10157493245599705,
        "total": 140.0,
        "positives": 17.0,
        "squared_diffs_sum": 14.11891561138359
    },
    "What is your current total payoff?": {
        "checker": "aggregation_checker",
        "label": "total_payoff",
        "sample_mean": 0.02857142857142857,
        "sample_variance": 0.022072458405218525,
        "total": 70.0,
        "positives": 2.0,
        "squared_diffs_sum": 1.5229996299600783
    },
    "What is your opponent's current total payoff?": {
        "checker": "aggregation_checker",
        "label": "opponent_total_payoff",
        "sample_mean": 0.04285714285714286,
        "sample_variance": 0.03420028016169636,
        "total": 70.0,
        "positives": 3.0,
        "squared_diffs_sum": 2.359819331157049
    }
}