{
    "time_checker": {
        "checker": "time_checker",
        "label": "time_checker",
        "sample_mean": 0.7093837535014006,
        "sample_variance": 0.20601089258598568,
        "total": 7140.0,
        "positives": 5065.0,
        "squared_diffs_sum": 1470.7117621713517
    },
    "Which is the current round of the game?": {
        "checker": "time_checker",
        "label": "current_round",
        "sample_mean": 0.75,
        "sample_variance": 0.18393403078701565,
        "total": 60.0,
        "positives": 45.0,
        "squared_diffs_sum": 10.852107816433923
    },
    "Which action did you play in round {}?": {
        "checker": "time_checker",
        "label": "own_action",
        "sample_mean": 0.9186440677966101,
        "sample_variance": 0.07460383060922594,
        "total": 1770.0,
        "positives": 1626.0,
        "squared_diffs_sum": 131.9741763477207
    },
    "Which action did your opponent play in round {}?": {
        "checker": "time_checker",
        "label": "opponent_action",
        "sample_mean": 0.8666666666666667,
        "sample_variance": 0.11532897426085399,
        "total": 1770.0,
        "positives": 1534.0,
        "squared_diffs_sum": 204.0169554674507
    },
    "How many points did you collect in round {}?": {
        "checker": "time_checker",
        "label": "own_points",
        "sample_mean": 0.635593220338983,
        "sample_variance": 0.2308349548817445,
        "total": 1770.0,
        "positives": 1125.0,
        "squared_diffs_sum": 408.347035185806
    },
    "How many points did your opponent collect in round {}?": {
        "checker": "time_checker",
        "label": "opponent_points",
        "sample_mean": 0.4152542372881356,
        "sample_variance": 0.2419212431255834,
        "total": 1770.0,
        "positives": 735.0,
        "squared_diffs_sum": 427.95867908915704
    }
}