{
    "time_checker": {
        "checker": "time_checker",
        "label": "time_checker",
        "sample_mean": 0.7012658227848101,
        "sample_variance": 0.20921208949708725,
        "total": 3160.0,
        "positives": 2216.0,
        "squared_diffs_sum": 660.9009907212986
    },
    "Which is the current round of the game?": {
        "checker": "time_checker",
        "label": "current_round",
        "sample_mean": 0.75,
        "sample_variance": 0.18406635706738192,
        "total": 40.0,
        "positives": 30.0,
        "squared_diffs_sum": 7.178587925627895
    },
    "Which action did you play in round {}?": {
        "checker": "time_checker",
        "label": "own_action",
        "sample_mean": 0.9115384615384615,
        "sample_variance": 0.08041404004933927,
        "total": 780.0,
        "positives": 711.0,
        "squared_diffs_sum": 62.64253719843529
    },
    "Which action did your opponent play in round {}?": {
        "checker": "time_checker",
        "label": "opponent_action",
        "sample_mean": 0.8705128205128205,
        "sample_variance": 0.11232936989408264,
        "total": 780.0,
        "positives": 679.0,
        "squared_diffs_sum": 87.50457914749038
    },
    "How many points did you collect in round {}?": {
        "checker": "time_checker",
        "label": "own_points",
        "sample_mean": 0.5807692307692308,
        "sample_variance": 0.2419571900989286,
        "total": 780.0,
        "positives": 453.0,
        "squared_diffs_sum": 188.48465108706537
    },
    "How many points did your opponent collect in round {}?": {
        "checker": "time_checker",
        "label": "opponent_points",
        "sample_mean": 0.43974358974358974,
        "sample_variance": 0.2445899699887746,
        "total": 780.0,
        "positives": 343.0,
        "squared_diffs_sum": 190.53558662125542
    }
}