{
    "time_checker": {
        "checker": "time_checker",
        "label": "time_checker",
        "sample_mean": 0.7169491525423729,
        "sample_variance": 0.20249978273175834,
        "total": 1770.0,
        "positives": 1269.0,
        "squared_diffs_sum": 358.2221156524805
    },
    "Which is the current round of the game?": {
        "checker": "time_checker",
        "label": "current_round",
        "sample_mean": 0.8,
        "sample_variance": 0.157207366176017,
        "total": 30.0,
        "positives": 24.0,
        "squared_diffs_sum": 4.559013619104493
    },
    "Which action did you play in round {}?": {
        "checker": "time_checker",
        "label": "own_action",
        "sample_mean": 0.9287356321839081,
        "sample_variance": 0.06587413922622415,
        "total": 435.0,
        "positives": 404.0,
        "squared_diffs_sum": 28.589376424181282
    },
    "Which action did your opponent play in round {}?": {
        "checker": "time_checker",
        "label": "opponent_action",
        "sample_mean": 0.903448275862069,
        "sample_variance": 0.08665731957298012,
        "total": 435.0,
        "positives": 393.0,
        "squared_diffs_sum": 37.60927669467337
    },
    "How many points did you collect in round {}?": {
        "checker": "time_checker",
        "label": "own_points",
        "sample_mean": 0.5701149425287356,
        "sample_variance": 0.24268579614221167,
        "total": 435.0,
        "positives": 248.0,
        "squared_diffs_sum": 105.32563552571986
    },
    "How many points did your opponent collect in round {}?": {
        "checker": "time_checker",
        "label": "opponent_points",
        "sample_mean": 0.45977011494252873,
        "sample_variance": 0.24552044595234757,
        "total": 435.0,
        "positives": 200.0,
        "squared_diffs_sum": 106.55587354331884
    }
}