{
    "time_checker": {
        "checker": "time_checker",
        "label": "time_checker",
        "sample_mean": 0.7055778894472362,
        "sample_variance": 0.20767419462608666,
        "total": 19900.0,
        "positives": 14041.0,
        "squared_diffs_sum": 4132.508798864498
    },
    "Which is the current round of the game?": {
        "checker": "time_checker",
        "label": "current_round",
        "sample_mean": 0.75,
        "sample_variance": 0.18444593643447124,
        "total": 100.0,
        "positives": 75.0,
        "squared_diffs_sum": 18.260147707012653
    },
    "Which action did you play in round {}?": {
        "checker": "time_checker",
        "label": "own_action",
        "sample_mean": 0.9026262626262627,
        "sample_variance": 0.08782820737504185,
        "total": 4950.0,
        "positives": 4468.0,
        "squared_diffs_sum": 434.66179829908214
    },
    "Which action did your opponent play in round {}?": {
        "checker": "time_checker",
        "label": "opponent_action",
        "sample_mean": 0.8664646464646465,
        "sample_variance": 0.11559882006529576,
        "total": 4950.0,
        "positives": 4289.0,
        "squared_diffs_sum": 572.0985605031487
    },
    "How many points did you collect in round {}?": {
        "checker": "time_checker",
        "label": "own_points",
        "sample_mean": 0.6593939393939394,
        "sample_variance": 0.22426748947132938,
        "total": 4950.0,
        "positives": 3264.0,
        "squared_diffs_sum": 1109.899805393609
    },
    "How many points did your opponent collect in round {}?": {
        "checker": "time_checker",
        "label": "opponent_points",
        "sample_mean": 0.3929292929292929,
        "sample_variance": 0.2381652995060595,
        "total": 4950.0,
        "positives": 1945.0,
        "squared_diffs_sum": 1178.6800672554884
    }
}