,full_question,label,initial_accuracy,initial_ci_lb,initial_ci_ub,final_accuracy,final_ci_lb,final_ci_ub
0,Which is the current round of the game?,round,0.9191919191919192,0.8652327134713387,0.9731511249124998,1.0,1.0,1.0
1,Which action did player X play in round i?,action_i,0.8921782178217822,0.8861291567965149,0.8982272788470494,0.8876237623762376,0.8840675667179885,0.8911799580344868
2,How many points did player X collect in round i?,points_i,0.6494059405940594,0.6400998064167757,0.6587120747713432,0.8401650165016502,0.8360387985824943,0.8442912344208061
