{
    "time_checker": {
        "checker": "time_checker",
        "label": "time_checker",
        "sample_mean": 0.917832512315271,
        "sample_variance": 0.07541119342425687,
        "total": 20300.0,
        "positives": 18632.0,
        "squared_diffs_sum": 1530.77181531899
    },
    "Which is the current round of the game?": {
        "checker": "time_checker",
        "label": "current_round",
        "sample_mean": 0.99,
        "sample_variance": 0.009899999999999999,
        "total": 100.0,
        "positives": 99.0,
        "squared_diffs_sum": 0.9801
    },
    "Which action did you play in round {}?": {
        "checker": "time_checker",
        "label": "own_action",
        "sample_mean": 0.9801980198019802,
        "sample_variance": 0.01940982333532647,
        "total": 5050.0,
        "positives": 4950.0,
        "squared_diffs_sum": 98.00019802006335
    },
    "Which action did your opponent play in round {}?": {
        "checker": "time_checker",
        "label": "opponent_action",
        "sample_mean": 0.9112871287128713,
        "sample_variance": 0.08082506181959685,
        "total": 5050.0,
        "positives": 4602.0,
        "squared_diffs_sum": 408.0857371271445
    },
    "How many points did you collect in round {}?": {
        "checker": "time_checker",
        "label": "own_points",
        "sample_mean": 0.9005940594059406,
        "sample_variance": 0.0894901758462192,
        "total": 5050.0,
        "positives": 4548.0,
        "squared_diffs_sum": 451.8358978475607
    },
    "How many points did your opponent collect in round {}?": {
        "checker": "time_checker",
        "label": "opponent_points",
        "sample_mean": 0.8778217821782178,
        "sample_variance": 0.10722479002522114,
        "total": 5050.0,
        "positives": 4433.0,
        "squared_diffs_sum": 541.3779648373416
    }
}