type,full_question,label,accuracy,ci_lb,ci_ub,kojima_accuracy,kojima_ci_lb,kojima_ci_ub,zhou_accuracy,zhou_ci_lb,zhou_ci_ub
time,Which is the current round of the game?,round,1.0,1.0,1.0,0.9,0.816001543519712,0.983998456480288,0.75,0.6141009491476563,0.8858990508523437
time,Which action did player X play in round i?,action_i,0.9637623762376236,0.9601175758818726,0.9674071765933748,0.8921568627450981,0.8801153779876033,0.9041983475025928,0.8579268292682927,0.8410247639613964,0.874828894575189
time,How many points did player X collect in round i?,points_i,0.9176237623762376,0.9122615722719976,0.9229859524804778,0.9337254901960784,0.924068405443936,0.9433825749482208,0.8957317073170732,0.8809364092374744,0.910527005396672
rules,What is the lowest/highest payoff player A can get in a single round?,min_max,0.995,0.9852001800772996,1.0047998199227002,0.67,0.5773757157496828,0.7626242842503173,0.75,0.6545149936297805,0.8454850063702195
rules,Which actions is player A allowed to play?,actions,1.0,1.0,1.0,0.54,0.4004512833905108,0.6795487166094892,0.625,0.4730602421082293,0.7769397578917707
rules,Which is player X's payoff in a single round if X plays p and Y plays q?,payoff,0.7,0.6682250885653782,0.7317749114346217,0.95,0.9286150397177568,0.971384960282243,0.871875,0.8351977469903663,0.9085522530096336
state,How many times did player X choose p?,#actions,0.985,0.9730731601435336,0.9969268398564664,0.76,0.7006618544098027,0.8193381455901974,0.7125,0.6421505206332013,0.7828494793667987
state,What is player X's current total payoff?,#points,1.0,1.0,1.0,0.48,0.3815869290090424,0.5784130709909575,0.5,0.3897434117371612,0.6102565882628388
