,dimension,mean,ci_lb,ci_ub
0,nice,0.6527272727272727,0.6245790834156888,0.6808754620388566
1,forgiving,0.5843681155986017,0.5687312052385067,0.6000050259586966
2,retaliatory,0.29108565585531665,0.27879816370989463,0.30337314800073867
3,troublemaking,0.37875456894979836,0.36680586290553224,0.3907032749940645
4,emulative,0.23302112029384758,0.22335729218117392,0.24268494840652124
