,dimension,mean,ci_lb,ci_ub
0,nice,0.64,0.6108481524586026,0.6691518475413974
1,forgiving,-0.5840167023060119,-0.5996994359029536,-0.5683339687090702
2,retaliatory,0.22935449478638092,0.21312856169461603,0.24558042787814582
3,troublemaking,0.19798058328484416,0.17545950809673774,0.22050165847295058
4,emulative,0.12005509641873278,0.10479710594793669,0.1353130868895289
