,URND_alpha,RND_score,AD_score,TFT_score,STFT_score,WSLS_score,AC_score,GRIM_score
0,0.1,4.101231156172161e-14,0.02000000000025889,0.0126071680112877,5.375299177031559e-17,0.015771979057513315,7.626845958184356e-17,0.9516208529311989
1,0.2,3.735797684140851e-14,0.010000000001661844,0.0035187155948548134,7.287444163424781e-17,0.0025158944090012897,1.2556810198569507e-16,0.9839653899961439
2,0.3,1.9054865769947224e-16,0.010000000049124998,3.163057504648358e-15,4.3168378675963145e-15,3.577748368684547e-15,3.662911218274951e-15,0.99
3,0.4,1.636265494113295e-13,0.040000000000366465,2.824079536214839e-09,3.642257084926203e-16,6.960082621107907e-09,1.990082869869795e-16,0.9599999999999984
4,0.5,9.549578169234359e-14,0.034999240138554356,5.785168695818687e-17,6.211144389709606e-17,1.1257880190834287e-16,5.805981215255793e-17,0.9650007598626518
5,0.6,4.264154985133398e-14,0.02000000000031716,1.0410243683391244e-16,1.349176263902657e-16,3.533702853093855e-16,5.805466657161351e-17,0.9800000000001772
6,0.7,4.708473635427687e-15,0.0100000076884472,0.005188943482956947,5.0408668837497674e-17,0.0048110565170433085,3.523433168381109e-17,0.9799999999999998
7,0.8,2.7386131897791634e-17,0.02000000219917234,3.086517756060048e-17,2.86069338251956e-17,3.045789426653879e-17,2.937524665039568e-17,0.98
8,0.9,1.3068717525214115e-16,0.030000002150972302,0.009891586103260549,1.291743622917868e-16,0.010108413896739311,0.010000000000000144,0.9399999999999994
