,window_size,mean,ci_lb,ci_ub
0,100,0.98,0.9632003087039424,0.9967996912960576
