{
    "time_checker": {
        "checker": "time_checker",
        "label": "time_checker",
        "sample_mean": 0.7103030303030303,
        "sample_variance": 0.20557513878222813,
        "total": 4950.0,
        "positives": 3516.0,
        "squared_diffs_sum": 1017.3913618332471
    },
    "Which is the current round of the game?": {
        "checker": "time_checker",
        "label": "current_round",
        "sample_mean": 0.76,
        "sample_variance": 0.17881900916236038,
        "total": 50.0,
        "positives": 38.0,
        "squared_diffs_sum": 8.762131448955659
    },
    "Which action did you play in round {}?": {
        "checker": "time_checker",
        "label": "own_action",
        "sample_mean": 0.9273469387755102,
        "sample_variance": 0.06720537248537507,
        "total": 1225.0,
        "positives": 1136.0,
        "squared_diffs_sum": 82.25937592209908
    },
    "Which action did your opponent play in round {}?": {
        "checker": "time_checker",
        "label": "opponent_action",
        "sample_mean": 0.8726530612244898,
        "sample_variance": 0.1108388307209826,
        "total": 1225.0,
        "positives": 1069.0,
        "squared_diffs_sum": 135.6667288024827
    },
    "How many points did you collect in round {}?": {
        "checker": "time_checker",
        "label": "own_points",
        "sample_mean": 0.6106122448979592,
        "sample_variance": 0.23670906751983806,
        "total": 1225.0,
        "positives": 748.0,
        "squared_diffs_sum": 289.7318986442818
    },
    "How many points did your opponent collect in round {}?": {
        "checker": "time_checker",
        "label": "opponent_points",
        "sample_mean": 0.42857142857142855,
        "sample_variance": 0.2436749917788628,
        "total": 1225.0,
        "positives": 525.0,
        "squared_diffs_sum": 298.25818993732804
    }
}