{
    "time_checker": {
        "checker": "time_checker",
        "label": "time_checker",
        "sample_mean": 0.7098663926002056,
        "sample_variance": 0.20584129919639624,
        "total": 9730.0,
        "positives": 6907.0,
        "squared_diffs_sum": 2002.629999881739
    },
    "Which is the current round of the game?": {
        "checker": "time_checker",
        "label": "current_round",
        "sample_mean": 0.7714285714285715,
        "sample_variance": 0.17287752531895176,
        "total": 70.0,
        "positives": 54.0,
        "squared_diffs_sum": 11.928549247007671
    },
    "Which action did you play in round {}?": {
        "checker": "time_checker",
        "label": "own_action",
        "sample_mean": 0.9188405797101449,
        "sample_variance": 0.07446528272984088,
        "total": 2415.0,
        "positives": 2219.0,
        "squared_diffs_sum": 179.75919250983588
    },
    "Which action did your opponent play in round {}?": {
        "checker": "time_checker",
        "label": "opponent_action",
        "sample_mean": 0.8674948240165632,
        "sample_variance": 0.1147665878993667,
        "total": 2415.0,
        "positives": 2095.0,
        "squared_diffs_sum": 277.0465431890712
    },
    "How many points did you collect in round {}?": {
        "checker": "time_checker",
        "label": "own_points",
        "sample_mean": 0.6472049689440994,
        "sample_variance": 0.22772988478065745,
        "total": 2415.0,
        "positives": 1563.0,
        "squared_diffs_sum": 549.7399418605071
    },
    "How many points did your opponent collect in round {}?": {
        "checker": "time_checker",
        "label": "opponent_points",
        "sample_mean": 0.4041407867494824,
        "sample_variance": 0.2401226447989433,
        "total": 2415.0,
        "positives": 976.0,
        "squared_diffs_sum": 579.6560645446491
    }
}