,dimension,mean,ci_lb,ci_ub
0,nice,0.6445454545454545,0.6162466521918932,0.6728442568990158
1,forgiving,0.5134650326771734,0.49559890617779845,0.5313311591765483
2,retaliatory,0.3342805494314676,0.32124331996725913,0.3473177788956761
3,troublemaking,0.4198139406492155,0.40795887158403865,0.43166900971439237
4,emulative,0.26798898071625343,0.2584162122730819,0.27756174915942494
