,dimension,mean,ci_lb,ci_ub
0,nice,0.6445454545454545,0.6162466521918932,0.6728442568990158
1,forgiving,-0.4004387291816366,-0.42652048005806353,-0.37435697830520964
2,retaliatory,0.056118138297646926,0.032675632783982674,0.07956064381131117
3,troublemaking,0.024218733312057466,-0.0032501054765935594,0.05168757210070849
4,emulative,0.2262809917355372,0.21348662358531115,0.23907535988576326
