{
    "niceness": {
        "values": [
            1,
            1,
            1,
            1,
            1,
            1,
            1,
            1,
            1,
            1,
            1,
            1,
            1,
            1,
            1,
            1,
            1,
            1,
            1,
            1,
            1,
            1,
            1,
            1,
            1,
            1,
            1,
            1,
            1,
            1,
            1,
            1,
            1,
            1,
            1,
            1,
            1,
            1,
            1,
            1,
            1,
            1,
            1,
            1,
            1,
            1,
            1,
            1,
            1,
            1,
            1,
            1,
            1,
            1,
            1,
            1,
            1,
            1,
            1,
            1,
            1,
            1,
            1,
            1,
            1,
            1,
            1,
            1,
            1,
            1,
            1,
            1,
            1,
            1,
            1,
            1,
            1,
            1,
            1,
            1,
            1,
            1,
            1,
            1,
            1,
            1,
            1,
            1,
            1,
            1,
            1,
            1,
            1,
            1,
            1,
            1,
            1,
            1,
            1,
            1
        ],
        "mean": 1.0,
        "variance": 0.0,
        "std_dev": 0.0
    },
    "forgiveness": {
        "values": [
            0.5,
            0.75,
            0.6666666666666666,
            0.8,
            0.5,
            0.8333333333333334,
            0.8333333333333334,
            0.8,
            0.75,
            0.5,
            0.5,
            0.0,
            0.5,
            0.5,
            0.8333333333333334,
            0.8571428571428571,
            0.75,
            0.5,
            0.0,
            0.0,
            0.5,
            0.0,
            0.8571428571428571,
            0.5,
            0.0,
            0.0,
            0.75,
            0.75,
            0.5,
            0.9,
            0.8333333333333334,
            0.0,
            0.8,
            0.5,
            0.8,
            0.0,
            0.5,
            0.0,
            0.8571428571428571,
            0.8333333333333334,
            0.8,
            0.8333333333333334,
            0.875,
            0.6666666666666666,
            0.5,
            0.75,
            0.6666666666666666,
            0.5,
            0.8,
            0.5,
            0.8333333333333334,
            0.6666666666666666,
            0.75,
            0.6666666666666666,
            0.0,
            0.0,
            0.9,
            0.6666666666666666,
            0.6666666666666666,
            0.6666666666666666,
            0.6666666666666666,
            0.6666666666666666,
            0.6666666666666666,
            0.5,
            0.5,
            0.5,
            0.6666666666666666,
            0.8888888888888888,
            0.0,
            0.6666666666666666,
            0.8333333333333334,
            0.5,
            0.5,
            0.5,
            0.75,
            0.75,
            0.6666666666666666,
            0.0,
            0.6666666666666666,
            0.5,
            0.8333333333333334,
            0.6666666666666666,
            0.0,
            0.6666666666666666,
            0.8333333333333334,
            0.0,
            0.0,
            0.5,
            0.8888888888888888,
            0.5,
            0.0,
            0.8,
            0.0,
            0.5,
            0.8333333333333334,
            0.5,
            0.75,
            0.75,
            0.5,
            0.6666666666666666
        ],
        "mean": 0.5554087301587299,
        "variance": 0.08378456681468872,
        "std_dev": 0.289455638768169
    },
    "provocability": {
        "values": [
            1.0,
            0.8,
            0.75,
            1.0,
            0.6666666666666666,
            0.8571428571428571,
            0.8571428571428571,
            0.6666666666666666,
            0.6,
            0.6666666666666666,
            1.0,
            1.0,
            0.6666666666666666,
            1.0,
            1.0,
            0.5714285714285714,
            0.6,
            0.6666666666666666,
            1.0,
            1.0,
            0.6666666666666666,
            1.0,
            0.625,
            1.0,
            1.0,
            1.0,
            0.8,
            1.0,
            1.0,
            0.6363636363636364,
            0.5714285714285714,
            1.0,
            0.6666666666666666,
            0.6666666666666666,
            0.8,
            1.0,
            1.0,
            1.0,
            0.75,
            0.8571428571428571,
            1.0,
            0.7142857142857143,
            0.6666666666666666,
            0.75,
            0.6666666666666666,
            1.0,
            1.0,
            1.0,
            0.6,
            1.0,
            1.0,
            1.0,
            1.0,
            0.75,
            1.0,
            1.0,
            0.8181818181818182,
            0.75,
            0.75,
            0.75,
            1.0,
            0.5,
            1.0,
            0.6666666666666666,
            1.0,
            1.0,
            0.75,
            0.6666666666666666,
            1.0,
            1.0,
            0.5714285714285714,
            1.0,
            1.0,
            1.0,
            1.0,
            0.8,
            0.75,
            1.0,
            1.0,
            0.6666666666666666,
            1.0,
            1.0,
            1.0,
            1.0,
            0.8571428571428571,
            1.0,
            1.0,
            1.0,
            0.8,
            1.0,
            1.0,
            0.6666666666666666,
            1.0,
            1.0,
            1.0,
            1.0,
            0.8,
            0.8,
            1.0,
            0.75
        ],
        "mean": 0.8667002164502164,
        "variance": 0.024338722965976993,
        "std_dev": 0.1560087272109384
    },