,window_size,mean,ci_lb,ci_ub
0,10,0.030000000000000006,0.012714742394212577,0.04728525760578742
