{
    "time_checker": {
        "checker": "time_checker",
        "question": "time_checker",
        "sample_mean": 0.7678809957498482,
        "sample_variance": 0.178177805960199,
        "total": 16470.0,
        "positives": 12647.0,
        "squared_diffs_sum": 2934.410286358517
    },
    "current_round": {
        "checker": "time_checker",
        "question": "Which is the current round of the game?",
        "sample_mean": 0.9333333333333333,
        "sample_variance": 0.05853442780154863,
        "total": 90.0,
        "positives": 84.0,
        "squared_diffs_sum": 5.209564074337829
    },
    "action_you_at_round": {
        "checker": "time_checker",
        "question": "Which action did you play in round {}?",
        "sample_mean": 0.9250305250305251,
        "sample_variance": 0.06926838990492912,
        "total": 4095.0,
        "positives": 3788.0,
        "squared_diffs_sum": 283.5847882707798
    },
    "action_opponent_at_round": {
        "checker": "time_checker",
        "question": "Which action did your opponent play in round {}?",
        "sample_mean": 0.8588522588522588,
        "sample_variance": 0.12115445682137829,
        "total": 4095.0,
        "positives": 3517.0,
        "squared_diffs_sum": 496.0063462267227
    },
    "points_you_at_round": {
        "checker": "time_checker",
        "question": "How many points did you collect in round {}?",
        "sample_mean": 0.7174603174603175,
        "sample_variance": 0.20241235323700024,
        "total": 4095.0,
        "positives": 2938.0,
        "squared_diffs_sum": 828.676174152279
    },
    "points_opponent_at_round": {
        "checker": "time_checker",
        "question": "How many points did your opponent collect in round {}?",
        "sample_mean": 0.5665445665445665,
        "sample_variance": 0.24517099720928806,
        "total": 4095.0,
        "positives": 2320.0,
        "squared_diffs_sum": 1003.7300625748253
    }
}