{
    "time_checker": {
        "checker": "time_checker",
        "question": "time_checker",
        "sample_mean": 0.7777777777777778,
        "sample_variance": 0.17250084689605424,
        "total": 1890.0,
        "positives": 1470.0,
        "squared_diffs_sum": 325.8540997866465
    },
    "current_round": {
        "checker": "time_checker",
        "question": "Which is the current round of the game?",
        "sample_mean": 0.9333333333333333,
        "sample_variance": 0.05355061660429184,
        "total": 30.0,
        "positives": 28.0,
        "squared_diffs_sum": 1.5529678815244634
    },
    "action_you_at_round": {
        "checker": "time_checker",
        "question": "Which action did you play in round {}?",
        "sample_mean": 0.9591397849462365,
        "sample_variance": 0.03873580046923892,
        "total": 465.0,
        "positives": 446.0,
        "squared_diffs_sum": 17.973411417726858
    },
    "action_opponent_at_round": {
        "checker": "time_checker",
        "question": "Which action did your opponent play in round {}?",
        "sample_mean": 0.946236559139785,
        "sample_variance": 0.050645626467769864,
        "total": 465.0,
        "positives": 440.0,
        "squared_diffs_sum": 23.499570681045217
    },
    "points_you_at_round": {
        "checker": "time_checker",
        "question": "How many points did you collect in round {}?",
        "sample_mean": 0.6731182795698925,
        "sample_variance": 0.2183954032060726,
        "total": 465.0,
        "positives": 313.0,
        "squared_diffs_sum": 101.33546708761769
    },
    "points_opponent_at_round": {
        "checker": "time_checker",
        "question": "How many points did your opponent collect in round {}?",
        "sample_mean": 0.5225806451612903,
        "sample_variance": 0.24711854953390358,
        "total": 465.0,
        "positives": 243.0,
        "squared_diffs_sum": 114.66300698373126
    }
}