{
    "time_checker": {
        "checker": "time_checker",
        "question": "time_checker",
        "sample_mean": 0.7715158382186315,
        "sample_variance": 0.17622705245149922,
        "total": 20299.0,
        "positives": 15661.0,
        "squared_diffs_sum": 3577.0567106605313
    },
    "current_round": {
        "checker": "time_checker",
        "question": "Which is the current round of the game?",
        "sample_mean": 0.9191919191919192,
        "sample_variance": 0.07086839631177098,
        "total": 99.0,
        "positives": 91.0,
        "squared_diffs_sum": 6.945102838553557
    },
    "action_you_at_round": {
        "checker": "time_checker",
        "question": "Which action did you play in round {}?",
        "sample_mean": 0.9273267326732674,
        "sample_variance": 0.06732362616897199,
        "total": 5050.0,
        "positives": 4683.0,
        "squared_diffs_sum": 339.91698852713955
    },
    "action_opponent_at_round": {
        "checker": "time_checker",
        "question": "Which action did your opponent play in round {}?",
        "sample_mean": 0.857029702970297,
        "sample_variance": 0.12246745888805077,
        "total": 5050.0,
        "positives": 4328.0,
        "squared_diffs_sum": 618.3381999257683
    },
    "points_you_at_round": {
        "checker": "time_checker",
        "question": "How many points did you collect in round {}?",
        "sample_mean": 0.7275247524752475,
        "sample_variance": 0.1979819913654492,
        "total": 5050.0,
        "positives": 3674.0,
        "squared_diffs_sum": 999.611074404153
    },
    "points_opponent_at_round": {
        "checker": "time_checker",
        "question": "How many points did your opponent collect in round {}?",
        "sample_mean": 0.5712871287128712,
        "sample_variance": 0.24458295400280217,
        "total": 5050.0,
        "positives": 2885.0,
        "squared_diffs_sum": 1234.8993347601481
    }
}