,dimension,mean,ci_lb,ci_ub
0,nice,0.5409836065573771,0.5014063582834135,0.5805608548313407
1,forgiving,0.29325777716914336,0.27207455269047803,0.3144410016478087
2,retaliatory,0.21053951917008273,0.19672355026909147,0.224355488071074
3,troublemaking,0.32252783491154613,0.30113100089819966,0.3439246689248926
4,emulative,0.20614340122536842,0.19561373581046804,0.2166730666402688
