,dimension,mean,ci_lb,ci_ub
0,nice,0.5458333333333333,0.5143212988880546,0.577345367778612
1,forgiving,0.2608116651505329,0.24576587799331878,0.275857452307747
2,retaliatory,0.19261004555344668,0.18259497567346022,0.20262511543343315
3,troublemaking,0.28090181154720073,0.26597785989576506,0.2958257631986364
4,emulative,0.1785669191919192,0.17049296796940835,0.18664087041443003
