,dimension,mean,ci_lb,ci_ub
0,nice,0.5563636363636364,0.5269910505207365,0.5857362222065363
1,forgiving,0.2464896090197571,0.2323934109440819,0.26058580709543233
2,retaliatory,0.18741281641342106,0.1774448171226716,0.19738081570417051
3,troublemaking,0.30066948890034534,0.2871273218773241,0.3142116559233666
4,emulative,0.20781450872359966,0.1991315172171499,0.21649750023004943
