,dimension,mean,ci_lb,ci_ub
0,nice,0.4360655737704918,0.3890233257202083,0.48310782182077533
1,forgiving,-0.2746179714931194,-0.2973225481811119,-0.25191339480512687
2,retaliatory,0.14809200679886045,0.12986706307706053,0.16631695052066037
3,troublemaking,0.06343974011875557,0.030445749433403627,0.09643373080410751
4,emulative,0.1404040404040404,0.12444856296309822,0.15635951784498256
