,URND_alpha,RND_score,AD_score,TFT_score,STFT_score,WSLS_score,AC_score,GRIM_score
0,0.1,2.0473322772715552e-16,0.23333333333333353,8.423264125388846e-17,0.033333333333333645,2.0480992765037386e-16,1.9182161859485215e-16,0.7333333333333625
1,0.2,1.0998607381518876e-15,0.34895012723721547,0.017341563346970172,5.390855060732483e-17,0.01599176998636016,1.2325427192260517e-15,0.6177165394294524
2,0.3,0.03333333333333406,0.14969845590296,3.3640679217988855e-15,1.0650800648880598e-15,1.897309050275586e-15,1.6510399242165764e-15,0.8169682107637019
3,0.4,2.4067710164089165e-16,0.2666666666666667,0.06454025602500148,0.0333333333333335,0.06350112315389132,0.03862528748777415,0.5333333333333328
4,0.5,2.3752526141336665e-17,0.20000000000000007,0.05284049123622793,6.976352524277971e-17,0.04715950876377239,0.10000000000000005,0.6
5,0.6,3.7190610037825666e-16,0.20000000000000048,0.05878693173794141,5.341608277144656e-16,0.06504632137641134,0.04283341355231396,0.6333333333333319
6,0.7,4.0784294773672503e-16,0.20000000000000026,0.07397135539544623,2.9436952956587646e-16,0.07032944419357916,0.18903253374430712,0.46666666666666695
7,0.8,5.4834581355634906e-17,0.3333333694516668,3.618841544122871e-17,5.249148791063865e-17,6.24016676149555e-17,0.36666666666666664,0.3
8,0.9,8.604655619790513e-17,0.4333333333333333,0.0671747164997302,0.03333333333333348,0.06615861683360538,0.3333333333333331,0.06666666666666682
