,URND_alpha,RND_score,AD_score,TFT_score,STFT_score,WSLS_score,AC_score,GRIM_score
0,0.1,0.004823401219622131,0.14433267323404667,0.07883736037243255,0.02000000000000006,0.08521965315474941,1.1276125252383408e-16,0.6667869120191594
1,0.2,0.010000000000000269,0.13021493095385483,0.03856452580878609,2.6598275105103383e-16,0.04086749076407916,2.782830832064207e-16,0.7803530524732868
2,0.3,1.2744425699156468e-16,0.04633236878966682,0.09785948598285668,5.7329818509900285e-12,0.09909460384433436,0.030000000000000117,0.7267135413893888
3,0.4,0.014455636055258904,0.1100000021860924,0.09594425080361584,0.020000000011093845,0.10918095829051223,0.07176606154906709,0.5786530933217839
4,0.5,0.013256129212220448,0.07026815670468325,0.12156317940612894,0.010000000000532814,0.12214362812060717,0.19999999999897775,0.462768906558072
5,0.6,0.002469058610693209,0.07000000003358893,0.11000603510470189,0.01508070466294385,0.10998403261162562,0.2786834192319894,0.41377674982834767
6,0.7,4.080894907607818e-15,0.09000000000031687,0.08910404392101129,5.993775925402184e-15,0.08730405412329581,0.4671685439704563,0.2664233589319782
7,0.8,1.4736352371186826e-16,0.11496071441661428,0.026703012950273955,0.010000000000000129,0.03409553214490189,0.649201454904824,0.16503928876897928
8,0.9,2.0565658394765728e-16,0.4333333333333322,0.06613759867032429,0.03333333333333366,0.06719573466300931,0.3333333333333336,0.06666666666666693
