,URND_alpha,RND_score,AD_score,TFT_score,STFT_score,WSLS_score,AC_score,GRIM_score
0,0.1,1.420539128466877e-16,0.14605599472931685,0.0823327116321318,0.02000000000000004,0.08431101508104343,1.4020895937469126e-16,0.6673002785575087
1,0.2,0.005797890763213579,0.129742843157469,0.03852297873381082,1.504914492557468e-16,0.040303868493750006,2.0542357645982474e-16,0.7856324188517566
2,0.3,0.03375101073737085,0.04413970625893088,0.08912068190443186,3.2965252183126657e-13,0.09348728993612317,0.02000000000000017,0.7195013112039073
3,0.4,0.03333333333333342,0.2666666666666665,0.048547973441076274,0.033333333338971684,0.051452031404243474,0.03333333333333346,0.5333333333333332
4,0.5,4.826331872489515e-16,0.19999999999999898,0.053647349157143205,3.6657248410929494e-16,0.04635265084285771,0.10000000000000038,0.5999999999999993
5,0.6,8.219734609005735e-17,0.20000000000000015,0.05447397859076528,1.0870315323526419e-16,0.06994863945447974,0.042244048621422045,0.633333333333333
6,0.7,0.049203603928282144,0.20000001708006396,0.05740251551493796,5.952314582028766e-16,0.054530000701538135,0.17219721318857859,0.46666666666666695
7,0.8,6.143665491707002e-17,0.3333333333333333,6.419058490404634e-17,6.962876230087155e-17,6.654307774288728e-17,0.3666666666666666,0.30000000476205474
8,0.9,5.014878676488295e-16,0.4333333333333323,0.07107253277985752,0.03333333333333341,0.06226080055347639,0.3333333333333332,0.06666666666673902
