{
    "time_checker": {
        "checker": "time_checker",
        "label": "time_checker",
        "sample_mean": 0.9128155339805826,
        "sample_variance": 0.07949140354825905,
        "total": 5150.0,
        "positives": 4701.0,
        "squared_diffs_sum": 409.30123686998587
    },
    "Which is the current round of the game?": {
        "checker": "time_checker",
        "label": "current_round",
        "sample_mean": 0.9,
        "sample_variance": 0.08909955292399607,
        "total": 50.0,
        "positives": 45.0,
        "squared_diffs_sum": 4.365878093275808
    },
    "Which action did player A play in round {}?": {
        "checker": "time_checker",
        "label": "own_action",
        "sample_mean": 0.9176470588235294,
        "sample_variance": 0.07505734696709025,
        "total": 1275.0,
        "positives": 1170.0,
        "squared_diffs_sum": 95.62306003607299
    },
    "Which action did player B play in round {}?": {
        "checker": "time_checker",
        "label": "opponent_action",
        "sample_mean": 0.8666666666666667,
        "sample_variance": 0.11521550978635284,
        "total": 1275.0,
        "positives": 1105.0,
        "squared_diffs_sum": 146.78455946781352
    },
    "How many points did player A collect in round {}?": {
        "checker": "time_checker",
        "label": "own_points",
        "sample_mean": 0.9301960784313725,
        "sample_variance": 0.06458578899835363,
        "total": 1275.0,
        "positives": 1186.0,
        "squared_diffs_sum": 82.28229518390252
    },
    "How many points did player B collect in round {}?": {
        "checker": "time_checker",
        "label": "opponent_points",
        "sample_mean": 0.9372549019607843,
        "sample_variance": 0.05871309812149856,
        "total": 1275.0,
        "positives": 1195.0,
        "squared_diffs_sum": 74.80048700678917
    }
}